<?xml version="1.0" encoding="UTF-8"?>
<metadata xml:lang="en"><Esri><CreaDate>20150812</CreaDate><CreaTime>14573900</CreaTime><ArcGISFormat>1.0</ArcGISFormat><SyncOnce>TRUE</SyncOnce><DataProperties><lineage><Process ToolSource="c:\programs\arcgis\desktop10.2\ArcToolbox\Toolboxes\Data Management Tools.tbx\CalculateField" Date="20150812" Time="145739">CalculateField buses outage false VB #</Process><Process ToolSource="c:\programs\arcgis\desktop10.2\ArcToolbox\Toolboxes\Data Management Tools.tbx\CalculateField" Date="20150812" Time="145755">CalculateField buses outage "false" VB #</Process></lineage></DataProperties></Esri></metadata>
